Handle,Title,Body (HTML),Vendor,Type,Tags,Published,Option1 Name,Option1 Value,Option2 Name,Option2 Value,Option3 Name,Option3 Value,Variant SKU,Variant Grams,Variant Inventory Tracker,Variant Inventory Qty,Variant Inventory Policy,Variant Fulfillment Service,Variant Price,Variant Compare At Price,Variant Requires Shipping,Variant Taxable,Variant Barcode,Image Src,Image Position,Image Alt Text,Gift Card,SEO Title,SEO Description,Google Shopping / Google Product Category,Google Shopping / Gender,Google Shopping / Age Group,Google Shopping / MPN,Google Shopping / AdWords Grouping,Google Shopping / AdWords Labels,Google Shopping / Condition,Google Shopping / Custom Product,Google Shopping / Custom Label 0,Google Shopping / Custom Label 1,Google Shopping / Custom Label 2,Google Shopping / Custom Label 3,Google Shopping / Custom Label 4,Variant Image,Variant Weight Unit,Variant Tax Code,Cost per item
camera-surveillance,Camera surveillance,"Professionally incentivize stand-alone total linkage rather than exceptional mindshare. Competently restore principle users for virtual manufactured products. Enthusiastically plagiarize extensive web-readiness through inexpensive models. Seamlessly underwhelm orthogonal benefits and excellent ""outside the box"" thinking. Efficiently disintermediate empowered quality vectors rather than market-driven collaboration and idea-sharing.",Sunmi,"","$0-$100, Fast, Gaming, Strong",true,Title,Default Title,,,,,'8900105789430,0,,0,deny,manual,69.00,96.00,true,true,"",https://cdn.shopify.com/s/files/1/0078/4639/5968/products/img-360-1.jpg?v=1548305922,1,,false,,,,,,,,,,,,,,,,,kg,,
camera-surveillance,,,,,,,,,,,,,,,,,,,,,,,,https://cdn.shopify.com/s/files/1/0078/4639/5968/products/img-360-2.jpg?v=1548305923,2,,,,,,,,,,,,,,,,,,,,,
camera-surveillance,,,,,,,,,,,,,,,,,,,,,,,,https://cdn.shopify.com/s/files/1/0078/4639/5968/products/img-360-3.jpg?v=1548305924,3,,,,,,,,,,,,,,,,,,,,,
camera-surveillance,,,,,,,,,,,,,,,,,,,,,,,,https://cdn.shopify.com/s/files/1/0078/4639/5968/products/img-360-4.jpg?v=1548305925,4,,,,,,,,,,,,,,,,,,,,,
camera-surveillance,,,,,,,,,,,,,,,,,,,,,,,,https://cdn.shopify.com/s/files/1/0078/4639/5968/products/img-360-5.jpg?v=1548305926,5,,,,,,,,,,,,,,,,,,,,,
camera-surveillance,,,,,,,,,,,,,,,,,,,,,,,,https://cdn.shopify.com/s/files/1/0078/4639/5968/products/img-360-6.jpg?v=1548305927,6,,,,,,,,,,,,,,,,,,,,,
camera-surveillance,,,,,,,,,,,,,,,,,,,,,,,,https://cdn.shopify.com/s/files/1/0078/4639/5968/products/img-360-7.jpg?v=1548305928,7,,,,,,,,,,,,,,,,,,,,,
camera-surveillance,,,,,,,,,,,,,,,,,,,,,,,,https://cdn.shopify.com/s/files/1/0078/4639/5968/products/img-360-8.jpg?v=1548305929,8,,,,,,,,,,,,,,,,,,,,,
camera-surveillance,,,,,,,,,,,,,,,,,,,,,,,,https://cdn.shopify.com/s/files/1/0078/4639/5968/products/img-360-9.jpg?v=1548305930,9,,,,,,,,,,,,,,,,,,,,,
camera-surveillance,,,,,,,,,,,,,,,,,,,,,,,,https://cdn.shopify.com/s/files/1/0078/4639/5968/products/img-360-10.jpg?v=1548305932,10,,,,,,,,,,,,,,,,,,,,,
camera-surveillance,,,,,,,,,,,,,,,,,,,,,,,,https://cdn.shopify.com/s/files/1/0078/4639/5968/products/img-360-11.jpg?v=1548305933,11,,,,,,,,,,,,,,,,,,,,,
camera-surveillance,,,,,,,,,,,,,,,,,,,,,,,,https://cdn.shopify.com/s/files/1/0078/4639/5968/products/img-360-12.jpg?v=1548305934,12,,,,,,,,,,,,,,,,,,,,,
camera-surveillance,,,,,,,,,,,,,,,,,,,,,,,,https://cdn.shopify.com/s/files/1/0078/4639/5968/products/img-360-13.jpg?v=1548305935,13,,,,,,,,,,,,,,,,,,,,,
camera-surveillance,,,,,,,,,,,,,,,,,,,,,,,,https://cdn.shopify.com/s/files/1/0078/4639/5968/products/img-360-14.jpg?v=1548305936,14,,,,,,,,,,,,,,,,,,,,,
camera-surveillance,,,,,,,,,,,,,,,,,,,,,,,,https://cdn.shopify.com/s/files/1/0078/4639/5968/products/img-360-15.jpg?v=1548305937,15,,,,,,,,,,,,,,,,,,,,,
camera-surveillance,,,,,,,,,,,,,,,,,,,,,,,,https://cdn.shopify.com/s/files/1/0078/4639/5968/products/img-360-16.jpg?v=1548305938,16,,,,,,,,,,,,,,,,,,,,,
camera-surveillance,,,,,,,,,,,,,,,,,,,,,,,,https://cdn.shopify.com/s/files/1/0078/4639/5968/products/img-360-17.jpg?v=1548305939,17,,,,,,,,,,,,,,,,,,,,,
camera-surveillance,,,,,,,,,,,,,,,,,,,,,,,,https://cdn.shopify.com/s/files/1/0078/4639/5968/products/img-360-18.jpg?v=1548305940,18,,,,,,,,,,,,,,,,,,,,,
camera-surveillance,,,,,,,,,,,,,,,,,,,,,,,,https://cdn.shopify.com/s/files/1/0078/4639/5968/products/img-360-19.jpg?v=1548305942,19,,,,,,,,,,,,,,,,,,,,,
camera-surveillance,,,,,,,,,,,,,,,,,,,,,,,,https://cdn.shopify.com/s/files/1/0078/4639/5968/products/img-360-20.jpg?v=1548305943,20,,,,,,,,,,,,,,,,,,,,,
camera-surveillance,,,,,,,,,,,,,,,,,,,,,,,,https://cdn.shopify.com/s/files/1/0078/4639/5968/products/img-360-21.jpg?v=1548305944,21,,,,,,,,,,,,,,,,,,,,,
camera-surveillance,,,,,,,,,,,,,,,,,,,,,,,,https://cdn.shopify.com/s/files/1/0078/4639/5968/products/img-360-22.jpg?v=1548305945,22,,,,,,,,,,,,,,,,,,,,,
camera-surveillance,,,,,,,,,,,,,,,,,,,,,,,,https://cdn.shopify.com/s/files/1/0078/4639/5968/products/img-360-23.jpg?v=1548305946,23,,,,,,,,,,,,,,,,,,,,,
camera-surveillance,,,,,,,,,,,,,,,,,,,,,,,,https://cdn.shopify.com/s/files/1/0078/4639/5968/products/img-360-24.jpg?v=1548305947,24,,,,,,,,,,,,,,,,,,,,,
red-headphone-v2,Red Headphone V2,"Professionally incentivize stand-alone total linkage rather than exceptional mindshare. Competently restore principle users for virtual manufactured products. Enthusiastically plagiarize extensive web-readiness through inexpensive models. Seamlessly underwhelm orthogonal benefits and excellent ""outside the box"" thinking. Efficiently disintermediate empowered quality vectors rather than market-driven collaboration and idea-sharing.",Sunmi,"","$0-$100, Fast, Gaming, Strong",true,Title,Default Title,,,,,'8900105789430,0,,0,deny,manual,69.00,96.00,true,true,"",https://cdn.shopify.com/s/files/1/0078/4639/5968/products/product-img19-1.jpg?v=1547719847,1,,false,,,,,,,,,,,,,,,,,kg,,
red-headphone-v2,,,,,,,,,,,,,,,,,,,,,,,,https://cdn.shopify.com/s/files/1/0078/4639/5968/products/product-img19-2.jpg?v=1547719848,2,,,,,,,,,,,,,,,,,,,,,
red-headphone-v2,,,,,,,,,,,,,,,,,,,,,,,,https://cdn.shopify.com/s/files/1/0078/4639/5968/products/product-img19-3.jpg?v=1547719849,3,,,,,,,,,,,,,,,,,,,,,
steelseries-arctis-5-7-1-surround,SteelSeries Arctis 5 7.1 Surround,"Professionally incentivize stand-alone total linkage rather than exceptional mindshare. Competently restore principle users for virtual manufactured products. Enthusiastically plagiarize extensive web-readiness through inexpensive models. Seamlessly underwhelm orthogonal benefits and excellent ""outside the box"" thinking. Efficiently disintermediate empowered quality vectors rather than market-driven collaboration and idea-sharing.",Sunmi,"","$0-$100, Fast, Gaming, Strong",true,Title,Default Title,,,,,'8900105789430,0,,0,deny,manual,69.00,96.00,true,true,"",https://cdn.shopify.com/s/files/1/0078/4639/5968/products/product-img18-1.jpg?v=1547719829,1,,false,,,,,,,,,,,,,,,,,kg,,
steelseries-arctis-5-7-1-surround,,,,,,,,,,,,,,,,,,,,,,,,https://cdn.shopify.com/s/files/1/0078/4639/5968/products/product-img18-2.jpg?v=1547719830,2,,,,,,,,,,,,,,,,,,,,,
smartphone-series-x,Smartphone Series X,"Professionally incentivize stand-alone total linkage rather than exceptional mindshare. Competently restore principle users for virtual manufactured products. Enthusiastically plagiarize extensive web-readiness through inexpensive models. Seamlessly underwhelm orthogonal benefits and excellent ""outside the box"" thinking. Efficiently disintermediate empowered quality vectors rather than market-driven collaboration and idea-sharing.",Sunmi,"","$0-$100, Fast, Gaming, Strong",true,Title,Default Title,,,,,'8900105789430,0,,0,deny,manual,69.00,96.00,true,true,"",https://cdn.shopify.com/s/files/1/0078/4639/5968/products/product-img17-1.jpg?v=1547719803,1,,false,,,,,,,,,,,,,,,,,kg,,
smartphone-series-x,,,,,,,,,,,,,,,,,,,,,,,,https://cdn.shopify.com/s/files/1/0078/4639/5968/products/product-img17-2.jpg?v=1547719805,2,,,,,,,,,,,,,,,,,,,,,
smartphone-series-x,,,,,,,,,,,,,,,,,,,,,,,,https://cdn.shopify.com/s/files/1/0078/4639/5968/products/product-img17-3.jpg?v=1547719807,3,,,,,,,,,,,,,,,,,,,,,
smart-watch-2,Smart Watch 2,"Professionally incentivize stand-alone total linkage rather than exceptional mindshare. Competently restore principle users for virtual manufactured products. Enthusiastically plagiarize extensive web-readiness through inexpensive models. Seamlessly underwhelm orthogonal benefits and excellent ""outside the box"" thinking. Efficiently disintermediate empowered quality vectors rather than market-driven collaboration and idea-sharing.",Sunmi,"","$0-$100, Fast, Gaming, Strong",true,Title,Default Title,,,,,'8900105789430,0,,0,deny,manual,69.00,96.00,true,true,"",https://cdn.shopify.com/s/files/1/0078/4639/5968/products/product-img16-1.jpg?v=1547719786,1,,false,,,,,,,,,,,,,,,,,kg,,
samsung-65-class-led-series,Samsung 65 Class LED Series,"Professionally incentivize stand-alone total linkage rather than exceptional mindshare. Competently restore principle users for virtual manufactured products. Enthusiastically plagiarize extensive web-readiness through inexpensive models. Seamlessly underwhelm orthogonal benefits and excellent ""outside the box"" thinking. Efficiently disintermediate empowered quality vectors rather than market-driven collaboration and idea-sharing.",Sunmi,"","$0-$100, Fast, Gaming, Strong",true,Title,Default Title,,,,,'8900105789430,0,,0,deny,manual,69.00,96.00,true,true,"",https://cdn.shopify.com/s/files/1/0078/4639/5968/products/product-img15-1.jpg?v=1547719766,1,,false,,,,,,,,,,,,,,,,,kg,,
samsung-65-class-led-series,,,,,,,,,,,,,,,,,,,,,,,,https://cdn.shopify.com/s/files/1/0078/4639/5968/products/product-img15-2.jpg?v=1547719767,2,,,,,,,,,,,,,,,,,,,,,
samsung-65-class-led-series,,,,,,,,,,,,,,,,,,,,,,,,https://cdn.shopify.com/s/files/1/0078/4639/5968/products/product-img15-3.jpg?v=1547719768,3,,,,,,,,,,,,,,,,,,,,,
headphone-sliver-brown,Headphone Sliver Brown,"Professionally incentivize stand-alone total linkage rather than exceptional mindshare. Competently restore principle users for virtual manufactured products. Enthusiastically plagiarize extensive web-readiness through inexpensive models. Seamlessly underwhelm orthogonal benefits and excellent ""outside the box"" thinking. Efficiently disintermediate empowered quality vectors rather than market-driven collaboration and idea-sharing.",Sunmi,"","$0-$100, Fast, Gaming, Strong",true,Title,Default Title,,,,,'8900105789430,0,,0,deny,manual,69.00,96.00,true,true,"",https://cdn.shopify.com/s/files/1/0078/4639/5968/products/product-img14-1.jpg?v=1547719728,1,,false,,,,,,,,,,,,,,,,,kg,,
headphone-sliver-brown,,,,,,,,,,,,,,,,,,,,,,,,https://cdn.shopify.com/s/files/1/0078/4639/5968/products/product-img14-2.jpg?v=1547719729,2,,,,,,,,,,,,,,,,,,,,,
harman-kardon-onyx-studio-4,Harman Kardon Onyx Studio 4,"Professionally incentivize stand-alone total linkage rather than exceptional mindshare. Competently restore principle users for virtual manufactured products. Enthusiastically plagiarize extensive web-readiness through inexpensive models. Seamlessly underwhelm orthogonal benefits and excellent ""outside the box"" thinking. Efficiently disintermediate empowered quality vectors rather than market-driven collaboration and idea-sharing.",Sunmi,"","$0-$100, Fast, Gaming, Strong",true,Title,Default Title,,,,,'8900105789430,0,,0,deny,manual,69.00,96.00,true,true,"",https://cdn.shopify.com/s/files/1/0078/4639/5968/products/product-img13-1.jpg?v=1547719711,1,,false,,,,,,,,,,,,,,,,,kg,,
harman-kardon-onyx-studio-4,,,,,,,,,,,,,,,,,,,,,,,,https://cdn.shopify.com/s/files/1/0078/4639/5968/products/product-img13-2.jpg?v=1547719712,2,,,,,,,,,,,,,,,,,,,,,
gaming-mouse-with-7-auto-changing,Gaming Mouse with 7 Auto-Changing,"Professionally incentivize stand-alone total linkage rather than exceptional mindshare. Competently restore principle users for virtual manufactured products. Enthusiastically plagiarize extensive web-readiness through inexpensive models. Seamlessly underwhelm orthogonal benefits and excellent ""outside the box"" thinking. Efficiently disintermediate empowered quality vectors rather than market-driven collaboration and idea-sharing.",Sunmi,"","$0-$100, Fast, Gaming, Strong",true,Title,Default Title,,,,,'8900105789430,0,,0,deny,manual,69.00,96.00,true,true,"",https://cdn.shopify.com/s/files/1/0078/4639/5968/products/product-img12-1.jpg?v=1547719688,1,,false,,,,,,,,,,,,,,,,,kg,,
gaming-mouse-with-7-auto-changing,,,,,,,,,,,,,,,,,,,,,,,,https://cdn.shopify.com/s/files/1/0078/4639/5968/products/product-img12-2.jpg?v=1547719689,2,,,,,,,,,,,,,,,,,,,,,
galaxy-smartphone-puper,Galaxy Smartphone Puper,"Professionally incentivize stand-alone total linkage rather than exceptional mindshare. Competently restore principle users for virtual manufactured products. Enthusiastically plagiarize extensive web-readiness through inexpensive models. Seamlessly underwhelm orthogonal benefits and excellent ""outside the box"" thinking. Efficiently disintermediate empowered quality vectors rather than market-driven collaboration and idea-sharing.",Sunmi,"","$0-$100, Fast, Gaming, Strong",true,Title,Default Title,,,,,'8900105789430,0,,0,deny,manual,69.00,96.00,true,true,"",https://cdn.shopify.com/s/files/1/0078/4639/5968/products/product-img11-1.jpg?v=1547719664,1,,false,,,,,,,,,,,,,,,,,kg,,
galaxy-smartphone-puper,,,,,,,,,,,,,,,,,,,,,,,,https://cdn.shopify.com/s/files/1/0078/4639/5968/products/product-img11-2.jpg?v=1547719665,2,,,,,,,,,,,,,,,,,,,,,
galaxy-smartphone-puper,,,,,,,,,,,,,,,,,,,,,,,,https://cdn.shopify.com/s/files/1/0078/4639/5968/products/product-img11-3.jpg?v=1547719666,3,,,,,,,,,,,,,,,,,,,,,
galaxy-smartphone-puper,,,,,,,,,,,,,,,,,,,,,,,,https://cdn.shopify.com/s/files/1/0078/4639/5968/products/product-img11-4.jpg?v=1547719666,4,,,,,,,,,,,,,,,,,,,,,
drone-white-seri-2,Drone white seri 2,"Professionally incentivize stand-alone total linkage rather than exceptional mindshare. Competently restore principle users for virtual manufactured products. Enthusiastically plagiarize extensive web-readiness through inexpensive models. Seamlessly underwhelm orthogonal benefits and excellent ""outside the box"" thinking. Efficiently disintermediate empowered quality vectors rather than market-driven collaboration and idea-sharing.",Sunmi,"","$0-$100, Fast, Gaming, Strong",true,Title,Default Title,,,,,'8900105789430,0,,0,deny,manual,69.00,96.00,true,true,"",https://cdn.shopify.com/s/files/1/0078/4639/5968/products/product-img10-1.jpg?v=1547719641,1,,false,,,,,,,,,,,,,,,,,kg,,
drone-white-seri-2,,,,,,,,,,,,,,,,,,,,,,,,https://cdn.shopify.com/s/files/1/0078/4639/5968/products/product-img10-2.jpg?v=1547719642,2,,,,,,,,,,,,,,,,,,,,,
deepcool-gamerstorm-quadstellar,Deepcool GamerStorm Quadstellar,"Professionally incentivize stand-alone total linkage rather than exceptional mindshare. Competently restore principle users for virtual manufactured products. Enthusiastically plagiarize extensive web-readiness through inexpensive models. Seamlessly underwhelm orthogonal benefits and excellent ""outside the box"" thinking. Efficiently disintermediate empowered quality vectors rather than market-driven collaboration and idea-sharing.",Sunmi,"","$0-$100, Fast, Gaming, Strong",true,Title,Default Title,,,,,'8900105789430,0,,0,deny,manual,69.00,96.00,true,true,"",https://cdn.shopify.com/s/files/1/0078/4639/5968/products/product-img9-1.jpg?v=1547719622,1,,false,,,,,,,,,,,,,,,,,kg,,
deepcool-gamerstorm-quadstellar,,,,,,,,,,,,,,,,,,,,,,,,https://cdn.shopify.com/s/files/1/0078/4639/5968/products/product-img9-2.jpg?v=1547719623,2,,,,,,,,,,,,,,,,,,,,,
deepcool-gamerstorm-quadstellar,,,,,,,,,,,,,,,,,,,,,,,,https://cdn.shopify.com/s/files/1/0078/4639/5968/products/product-img9-3.jpg?v=1547719624,3,,,,,,,,,,,,,,,,,,,,,
beanie-smart-orange,Beanie Smart Orange,"Professionally incentivize stand-alone total linkage rather than exceptional mindshare. Competently restore principle users for virtual manufactured products. Enthusiastically plagiarize extensive web-readiness through inexpensive models. Seamlessly underwhelm orthogonal benefits and excellent ""outside the box"" thinking. Efficiently disintermediate empowered quality vectors rather than market-driven collaboration and idea-sharing.",Sunmi,"","$0-$100, Fast, Gaming, Strong",true,Title,Default Title,,,,,'8900105789430,0,,0,deny,manual,69.00,96.00,true,true,"",https://cdn.shopify.com/s/files/1/0078/4639/5968/products/product-img8-1.jpg?v=1547719600,1,,false,,,,,,,,,,,,,,,,,kg,,
alienware-area-51-r4-intel-core-i9,Alienware Area 51 R4 Intel Core i9,"Professionally incentivize stand-alone total linkage rather than exceptional mindshare. Competently restore principle users for virtual manufactured products. Enthusiastically plagiarize extensive web-readiness through inexpensive models. Seamlessly underwhelm orthogonal benefits and excellent ""outside the box"" thinking. Efficiently disintermediate empowered quality vectors rather than market-driven collaboration and idea-sharing.",Sunmi,"","$0-$100, Fast, Gaming, Strong",true,Title,Default Title,,,,,'8900105789430,0,,0,deny,manual,69.00,96.00,true,true,"",https://cdn.shopify.com/s/files/1/0078/4639/5968/products/product-img7-1.jpg?v=1547719572,1,,false,,,,,,,,,,,,,,,,,kg,,
alienware-area-51-r4-intel-core-i9,,,,,,,,,,,,,,,,,,,,,,,,https://cdn.shopify.com/s/files/1/0078/4639/5968/products/product-img7-2.jpg?v=1547719573,2,,,,,,,,,,,,,,,,,,,,,
smarttv-sunmi-ultra-4k,SmartTV Sunmi Ultra 4K,"Professionally incentivize stand-alone total linkage rather than exceptional mindshare. Competently restore principle users for virtual manufactured products. Enthusiastically plagiarize extensive web-readiness through inexpensive models. Seamlessly underwhelm orthogonal benefits and excellent ""outside the box"" thinking. Efficiently disintermediate empowered quality vectors rather than market-driven collaboration and idea-sharing.",Sunmi,"","$0-$100, Fast, Gaming, Strong",true,Title,Default Title,,,,,'8900105789430,0,,0,deny,manual,69.00,96.00,true,true,"",https://cdn.shopify.com/s/files/1/0078/4639/5968/products/product-img6-1.jpg?v=1545206440,1,,false,,,,,,,,,,,,,,,,,kg,,
smarttv-sunmi-ultra-4k,,,,,,,,,,,,,,,,,,,,,,,,https://cdn.shopify.com/s/files/1/0078/4639/5968/products/product-img6-2.jpg?v=1545206441,2,,,,,,,,,,,,,,,,,,,,,
smarttv-sunmi-ultra-4k,,,,,,,,,,,,,,,,,,,,,,,,https://cdn.shopify.com/s/files/1/0078/4639/5968/products/product-img6-3.jpg?v=1545206442,3,,,,,,,,,,,,,,,,,,,,,
schark-drone-for-beginners,Schark Drone for Beginners,"Professionally incentivize stand-alone total linkage rather than exceptional mindshare. Competently restore principle users for virtual manufactured products. Enthusiastically plagiarize extensive web-readiness through inexpensive models. Seamlessly underwhelm orthogonal benefits and excellent ""outside the box"" thinking. Efficiently disintermediate empowered quality vectors rather than market-driven collaboration and idea-sharing.",Sunmi,"","$0-$100, Fast, Gaming, Strong",true,Title,Default Title,,,,,'8900105789430,0,,0,deny,manual,69.00,96.00,true,true,"",https://cdn.shopify.com/s/files/1/0078/4639/5968/products/product-img5-1.jpg?v=1545206390,1,,false,,,,,,,,,,,,,,,,,kg,,
schark-drone-for-beginners,,,,,,,,,,,,,,,,,,,,,,,,https://cdn.shopify.com/s/files/1/0078/4639/5968/products/product-img5-2.jpg?v=1545206391,2,,,,,,,,,,,,,,,,,,,,,
philips-norelco-electric-shaver,Philips Norelco – Electric Shaver,"Professionally incentivize stand-alone total linkage rather than exceptional mindshare. Competently restore principle users for virtual manufactured products. Enthusiastically plagiarize extensive web-readiness through inexpensive models. Seamlessly underwhelm orthogonal benefits and excellent ""outside the box"" thinking. Efficiently disintermediate empowered quality vectors rather than market-driven collaboration and idea-sharing.",Sunmi,"","$0-$100, Fast, Gaming, Strong",true,Title,Default Title,,,,,'8900105789430,0,shopify,0,deny,manual,69.00,96.00,true,true,"",https://cdn.shopify.com/s/files/1/0078/4639/5968/products/product-img4-1.jpg?v=1545206055,1,,false,,,,,,,,,,,,,,,,,kg,,
philips-norelco-electric-shaver,,,,,,,,,,,,,,,,,,,,,,,,https://cdn.shopify.com/s/files/1/0078/4639/5968/products/product-img4-2.jpg?v=1545206056,2,,,,,,,,,,,,,,,,,,,,,
philips-norelco-electric-shaver,,,,,,,,,,,,,,,,,,,,,,,,https://cdn.shopify.com/s/files/1/0078/4639/5968/products/product-img4-3.jpg?v=1545206057,3,,,,,,,,,,,,,,,,,,,,,
the-new-laptop-2020-12-inch,The New Laptop 2020 (12 inch),"Professionally incentivize stand-alone total linkage rather than exceptional mindshare. Competently restore principle users for virtual manufactured products. Enthusiastically plagiarize extensive web-readiness through inexpensive models. Seamlessly underwhelm orthogonal benefits and excellent ""outside the box"" thinking. Efficiently disintermediate empowered quality vectors rather than market-driven collaboration and idea-sharing.",Sunmi,"","$0-$100, Fast, Gaming, hot, Strong",true,Title,Default Title,,,,,'8900105789430,0,,0,deny,manual,69.00,96.00,true,true,"",https://cdn.shopify.com/s/files/1/0078/4639/5968/products/product-img3-1.jpg?v=1545206029,1,,false,,,,,,,,,,,,,,,,,kg,,
the-new-laptop-2020-12-inch,,,,,,,,,,,,,,,,,,,,,,,,https://cdn.shopify.com/s/files/1/0078/4639/5968/products/product-img3-2.jpg?v=1545206030,2,,,,,,,,,,,,,,,,,,,,,
nest-learning-thermostat,Nest – Learning Thermostat,"Professionally incentivize stand-alone total linkage rather than exceptional mindshare. Competently restore principle users for virtual manufactured products. Enthusiastically plagiarize extensive web-readiness through inexpensive models. Seamlessly underwhelm orthogonal benefits and excellent ""outside the box"" thinking. Efficiently disintermediate empowered quality vectors rather than market-driven collaboration and idea-sharing.",Sunmi,"","$0-$100, Black, Fast, Gaming, OrangeRed, RoyalBlue, Strong",true,Color,OrangeRed,,,,,'8900105789430,0,,0,deny,manual,69.00,96.00,true,true,"",https://cdn.shopify.com/s/files/1/0078/4639/5968/products/product-img2-1.jpg?v=1545205972,1,,false,,,,,,,,,,,,,,,,https://cdn.shopify.com/s/files/1/0078/4639/5968/products/product-img2-1.jpg?v=1545205972,kg,,
nest-learning-thermostat,,,,,,,,RoyalBlue,,,,,'8900105789431,0,,0,deny,manual,70.00,96.00,true,true,"",https://cdn.shopify.com/s/files/1/0078/4639/5968/products/product-img2-2.jpg?v=1545205973,2,,,,,,,,,,,,,,,,,,https://cdn.shopify.com/s/files/1/0078/4639/5968/products/product-img2-2.jpg?v=1545205973,kg,,
nest-learning-thermostat,,,,,,,,Black,,,,,'8900105789432,0,,0,deny,manual,71.00,96.00,true,true,"",https://cdn.shopify.com/s/files/1/0078/4639/5968/products/product-img2-3.jpg?v=1545205974,3,,,,,,,,,,,,,,,,,,https://cdn.shopify.com/s/files/1/0078/4639/5968/products/product-img2-3.jpg?v=1545205974,kg,,
garmin-vivo-smart-activity-tracker,Garmin Vivo Smart Activity Tracker,"Professionally incentivize stand-alone total linkage rather than exceptional mindshare. Competently restore principle users for virtual manufactured products. Enthusiastically plagiarize extensive web-readiness through inexpensive models. Seamlessly underwhelm orthogonal benefits and excellent ""outside the box"" thinking. Efficiently disintermediate empowered quality vectors rather than market-driven collaboration and idea-sharing.",Sunmi,"","$0-$100, Fast, Gaming, Strong",true,Title,Default Title,,,,,'8900105789430,0,,0,deny,manual,69.00,96.00,true,true,"",https://cdn.shopify.com/s/files/1/0078/4639/5968/products/product-img1-1.jpg?v=1545205934,1,,false,,,,,,,,,,,,,,,,,kg,,
garmin-vivo-smart-activity-tracker,,,,,,,,,,,,,,,,,,,,,,,,https://cdn.shopify.com/s/files/1/0078/4639/5968/products/product-img1-2.jpg?v=1545205935,2,,,,,,,,,,,,,,,,,,,,,
garmin-vivo-smart-activity-tracker,,,,,,,,,,,,,,,,,,,,,,,,https://cdn.shopify.com/s/files/1/0078/4639/5968/products/product-img1-3.jpg?v=1545205936,3,,,,,,,,,,,,,,,,,,,,,
